roll,name,19-08-2020,19-08-2020.1,2020-08-19,2020-08-24,2020-08-24
1,satish,absent,absent,present,present,absent
2,surendra,absent,absent,absent,absent,absent
3,rohitha,absent,absent,absent,absent,present
4,d,absent,absent,absent,absent,absent
5,,absent,absent,absent,absent,absent
6,,absent,absent,absent,absent,absent
7,,absent,absent,absent,absent,absent
8,,absent,absent,absent,absent,absent
9,,absent,absent,absent,absent,absent
10,,absent,absent,absent,absent,absent
11,,absent,absent,absent,absent,absent
12,,absent,absent,absent,absent,absent
13,swetha,absent,present,absent,absent,absent
14,,absent,absent,absent,absent,absent
15,,absent,absent,absent,absent,absent
16,,absent,absent,absent,absent,absent
17,,absent,absent,absent,absent,absent
18,,absent,absent,absent,absent,absent
19,,absent,absent,absent,absent,absent
20,,absent,absent,absent,absent,absent
21,,absent,absent,absent,absent,absent
22,,absent,absent,absent,absent,absent
23,,absent,absent,absent,absent,absent
24,,absent,absent,absent,absent,absent
25,,absent,absent,absent,absent,absent
26,,absent,absent,absent,absent,absent
27,,absent,absent,absent,absent,absent
28,,absent,absent,absent,absent,absent
29,,absent,absent,absent,absent,absent
30,,absent,absent,absent,absent,absent
31,,absent,absent,absent,absent,absent
32,,absent,absent,absent,absent,absent
33,,absent,absent,absent,absent,absent
34,,absent,absent,absent,absent,absent
35,,absent,absent,absent,absent,absent
36,,absent,absent,absent,absent,absent
37,,absent,absent,absent,absent,absent
38,,absent,absent,absent,absent,absent
39,sowjanya,absent,absent,absent,absent,absent
40,sowmya,absent,absent,absent,absent,absent
41,,absent,absent,absent,absent,absent
42,,absent,absent,absent,absent,absent
43,,absent,absent,absent,absent,absent
44,,absent,absent,absent,absent,absent
45,,absent,absent,absent,absent,absent
46,,absent,absent,absent,absent,absent
47,sai satyanarayana,absent,absent,absent,absent,absent
48,bhaskar,present,absent,absent,absent,absent
49,,absent,absent,absent,absent,absent
50,,absent,absent,absent,absent,absent
51,,absent,absent,absent,absent,absent
52,,absent,absent,absent,absent,absent
53,,absent,absent,absent,absent,absent
54,,absent,absent,absent,absent,absent
55,,absent,absent,absent,absent,absent
56,,absent,absent,absent,absent,absent
57,,absent,absent,absent,absent,absent
58,,absent,absent,absent,absent,absent
59,,absent,absent,absent,absent,absent
60,,absent,absent,absent,absent,absent
61,,absent,absent,absent,absent,absent
62,,absent,absent,absent,absent,absent
63,aditya,absent,absent,absent,absent,absent
